ID;numeroCiclo;autor_ID;partido_ID;minuto;forma_ID;enContra;nroEnCiclo;nroPersonal;asistente_ID;numeroAsistenciaEnCiclo;numeroAsistencia;inicio;fin
1;1;Teófilo Gutierrez;2;90+1;Pelota parada;false;1;1;Leonardo Pisculichi;1;1;297;306
2;2;Teófilo Gutierrez;3;16;Jugada;false;2;2;Leonel Vangioni;1;1;97;104
3;3;Leonardo Pisculichi;3;80;Jugada;false;1;1;Julio Chiarini;1;1;268;276
4;4;Carlos Sánchez;5;2;Jugada;false;1;1;Leonel Vangioni;2;2;36;47
5;5;Teófilo Gutierrez;5;4;Jugada;false;3;3;Rodrigo Mora;1;1;98;108
6;6;Rodrigo Mora;5;16;Pelota parada;false;1;1;Leonardo Pisculichi;2;2;248;254
7;7;Teófilo Gutierrez;5;63;Jugada;false;4;4;Tomás Andrade;1;1;382;397
8;8;Carlos Sánchez;6;33;Jugada;false;2;2;Leonardo Pisculichi;3;3;91;99
9;9;Carlos Sánchez;6;43;Jugada;false;3;3;N/A;N/A;N/A;115;123
10;10;Teófilo Gutierrez;6;77;Jugada;false;5;5;Gabriel Mercado;1;1;180;189
11;11;Leonardo Pisculichi;7;12;Jugada;false;2;2;Ariel Rojas;1;1;138;206
12;12;Teófilo Gutierrez;7;59;Jugada;false;6;6;Leonardo Pisculichi;4;4;262;274
13;13;Lucas Boyé;7;79;Pelota parada;false;1;1;Tomás Martínez;1;1;370;378
14;14;Germán Pezzela;8;90+2;Pelota parada;false;1;1;Leonardo Pisculichi;5;5;81;87
15;15;Rodrigo Mora;9;34;Jugada;false;2;2;Carlos Sánchez;1;1;29;47
16;16;Rodrigo Mora;9;48;Jugada;false;3;3;Ariel Rojas;2;2;113;127
17;17;Rodrigo Mora;10;28;Jugada;false;4;4;Teófilo Gutiérrez;1;1;55;65
18;18;Rodrigo Mora;10;32;Pelota parada;false;5;5;N/A;N/A;N/A;81;89
19;19;Leonardo Pisculichi;11;4;Tiro libre;false;3;3;N/A;N/A;N/A;10;20
20;20;Ariel Rojas;11;37;Pelota parada;false;1;1;N/A;N/A;N/A;151;159
21;21;Teófilo Gutierrez;11;66;Jugada;false;7;7;N/A;N/A;N/A;323;335
22;22;Rodrigo Mora;11;78;Jugada;false;6;6;Tomás Martínez;2;2;393;402
23;23;Leonardo Pisculichi;12;51;Jugada;false;4;4;N/A;N/A;N/A;41;49
24;24;Teófilo Gutierrez;13;71;Jugada;false;8;8;Ariel Rojas;3;3;260;290
25;25;Germán Pezzela;14;78;Jugada;false;2;2;Ramiro Funes Mori;1;1;345;353
26;26;Ramiro Funes Mori;16;68;Pelota parada;false;1;1;Leonardo Pisculichi;6;6;257;263
27;27;Carlos Sánchez;17;61;Jugada;false;4;4;Ramiro Funes Mori;2;2;48;61
28;28;Sebastián Driussi;17;72;Jugada;false;1;1;Rodrigo Mora;2;2;82;92
29;29;Giovanni Simeone;17;77;Jugada;false;1;1;Leonardo Pisculichi;7;7;114;125
30;30;Leonel Vangioni;18;34;Jugada;false;1;1;Ariel Rojas;4;4;137;145
31;31;Teófilo Gutierrez;18;73;Jugada;false;9;9;Carlos Sánchez;2;2;284;290
32;32;Teófilo Gutierrez;18;88;Jugada;false;10;10;Carlos Sánchez;3;3;359;368
33;33;Gabriel Mercado;19;43;Jugada;false;1;1;N/A;N/A;N/A;20;31
34;34;Giovanni Simeone;19;90+2;Jugada;false;2;2;Ramiro Funes Mori;3;3;61;69
35;35;Leonardo Pisculichi;20;50;Tiro libre;false;5;5;N/A;N/A;N/A;82;89
36;36;Ariel Rojas;20;66;Jugada;false;2;2;Giovanni Simeone;1;1;157;166
37;37;Rodrigo Mora;21;53;Jugada;false;7;7;Carlos Sánchez;4;4;51;60
38;38;Jonathan Schunke;21;71;Jugada;true;1;1;N/A;N/A;N/A;76;83
39;39;Teófilo Gutierrez;22;1;Jugada;false;11;11;Leonardo Pisculichi;8;8;0;7
40;40;Rodrigo Mora;22;61;Pelota parada;false;8;8;Leonardo Pisculichi;9;9;260;266
41;41;Ramiro Funes Mori;22;63;Pelota parada;false;2;2;Leonardo Pisculichi;10;10;326;332
42;42;Gabriel Mercado;23;38;Pelota parada;false;2;2;N/A;N/A;N/A;83;98
43;43;Ramiro Funes Mori;25;24;Pelota parada;false;3;3;Leonardo Pisculichi;11;11;0;9
44;44;Leonardo Pisculichi;28;16;Jugada;false;6;6;Leonel Vangioni;3;3;454;464
45;45;Fernando Cavenaghi;29;54;Jugada;false;1;1;Carlos Sánchez;5;5;127;136
46;46;Carlos Sánchez;29;57;Jugada;false;5;5;Augusto Solari;1;1;219;227
47;47;Fernando Cavenaghi;29;73;Penal;false;2;2;N/A;N/A;N/A;400;406
48;48;Leonardo Pisculichi;30;66;Jugada;false;7;7;Teófilo Gutiérrez;2;2;481;489
49;49;Gabriel Mercado;31;55;Pelota parada;false;3;3;Leonardo Pisculichi;12;12;387;393
50;50;Germán Pezzela;31;59;Pelota parada;false;3;3;Leonardo Pisculichi;13;13;471;477
51;51;Carlos Sánchez;32;82;Jugada;false;6;6;N/A;N/A;N/A;3;10
52;52;Carlos Sánchez;33;78;Jugada;false;7;7;Gonzalo Martínez;1;1;268;275
53;53;Carlos Sánchez;34;68;Jugada;false;8;8;Rodrigo Mora;3;3;0;11
54;54;Carlos Sánchez;35;24;Jugada;false;9;9;Gonzalo Martínez;2;2;7;15
55;55;Fernando Cavenaghi;35;44;Jugada;false;3;3;Gonzalo Martínez;3;3;86;93
56;56;Teófilo Gutierrez;35;74;Jugada;false;12;12;N/A;N/A;N/A;230;238
57;57;Teófilo Gutierrez;35;83;Jugada;false;13;13;Rodrigo Mora;4;4;309;321
58;58;Teófilo Gutierrez;37;53;Jugada;false;14;14;Camilo Mayada;1;1;278;288
59;59;Leonardo Ponzio;37;71;Jugada;false;1;1;N/A;N/A;N/A;440;449
60;60;Rodrigo Mora;38;77;Pelota parada;false;9;9;Leonel Vangioni;4;4;0;4
61;61;Rodrigo Mora;38;82;Pelota parada;false;10;10;Carlos Sánchez;6;6;88;97
62;62;Carlos Sánchez;39;73;Pelota parada;false;10;10;Éder Balanta;1;1;216;223
63;63;Fernando Cavenaghi;40;4;Jugada;false;4;4;N/A;N/A;N/A;284;290
64;64;Sebastián Driussi;40;30;Jugada;false;2;2;N/A;N/A;N/A;349;358
65;65;Éder Balanta;41;22;Pelota parada;false;1;1;Jonatan Maidana;1;1;0;8
66;66;Gonzalo Martínez;42;11;Jugada;false;1;1;Germán Pezzela;1;1;83;92
67;67;Rodrigo Mora;42;57;Jugada;false;11;11;Julio Chiarini;2;2;277;287
68;68;Rodrigo Mora;42;88;Tiro libre;false;12;12;N/A;N/A;N/A;372;380
69;69;Gabriel Mercado;43;26;Jugada;false;4;4;Teófilo Gutiérrez;3;3;11;19
70;70;Teófilo Gutierrez;44;22;Jugada;false;15;15;N/A;N/A;N/A;150;163
71;71;Fernando Cavenaghi;45;33;Jugada;false;5;5;N/A;N/A;N/A;0;11
72;72;Augusto Solari;45;38;Jugada;false;1;1;N/A;N/A;N/A;90;100
73;73;Rodrigo Mora;45;88;Pelota parada;false;13;13;N/A;N/A;N/A;286;294
74;74;Carlos Sánchez;46;49;Jugada;false;11;11;Ariel Rojas;5;5;165;172
75;75;Teófilo Gutierrez;47;87;Jugada;false;16;16;N/A;N/A;N/A;158;165
76;76;Rodrigo Mora;47;90;Jugada;false;14;14;Teófilo Gutiérrez;4;4;225;238
77;77;Fernando Cavenaghi;48;33;Jugada;false;6;6;Gonzalo Martínez;4;4;0;13
78;78;Lucas Boyé;48;66;Jugada;false;2;2;Camilo Mayada;2;2;126;135
79;79;Rodrigo Mora;49;43;Jugada;false;15;15;Gonzalo Martínez;5;5;6;14
80;80;Rodrigo Mora;49;53;Penal;false;16;16;N/A;N/A;N/A;150;156
81;81;Teófilo Gutierrez;49;55;Jugada;false;17;17;Gonzalo Martínez;6;6;204;210
82;82;Sebastián Driussi;50;21;Jugada;false;3;3;Fernando Cavenaghi;1;1;10;21
83;83;Ramiro Funes Mori;50;73;Pelota parada;false;4;4;Fernando Cavenaghi;2;2;90;98
84;84;Fernando Cavenaghi;50;84;Jugada;false;7;7;Ariel Rojas;6;6;206;214
85;85;Fernando Cavenaghi;50;90+3;Jugada;false;8;8;Augusto Solari;2;2;288;297
86;86;Carlos Sánchez;53;82;Penal;false;12;12;N/A;N/A;N/A;534;540
87;87;Carlos Sánchez;56;20;Jugada;false;13;13;Teófilo Gutiérrez;5;5;4;18
88;88;Jonatan Maidana;56;45;Pelota parada;false;1;1;Ariel Rojas;7;7;116;125
89;89;Teófilo Gutierrez;56;52;Jugada;false;18;18;Rodrigo Mora;5;5;177;188
90;90;Teófilo Gutierrez;57;14;Jugada;false;19;19;Leonardo Pisculichi;14;14;0;12
91;91;Camilo Mayada;57;90;Jugada;false;1;1;N/A;N/A;N/A;187;197
92;92;Ramiro Funes Mori;58;17;Pelota parada;false;5;5;Leonardo Pisculichi;15;15;271;277
93;93;Juan Kaprof;58;32;Jugada;false;1;1;N/A;N/A;N/A;590;597
94;94;Gonzalo Martínez;59;88;Pelota parada;false;2;2;N/A;N/A;N/A;77;84
95;95;Ramiro Funes Mori;62;30;Tiro libre;false;6;6;N/A;N/A;N/A;58;65
96;96;Gabriel Mercado;63;60;Pelota parada;false;5;5;N/A;N/A;N/A;108;115
97;97;Rodrigo Mora;63;73;Jugada;false;17;17;Lucas Alario;1;1;186;196
98;98;Fernando Cavenaghi;64;27;Jugada;false;9;9;Tomás Martínez;3;3;24;34
99;99;Fernando Cavenaghi;64;30;Jugada;false;10;10;N/A;N/A;N/A;109;117
100;100;Fernando Cavenaghi;64;60;Jugada;false;11;11;Camilo Mayada;3;3;252;263
101;101;Fernando Cavenaghi;64;82;Jugada;false;12;12;Abel Casquete;1;1;334;342
102;102;Guido Rodríguez;64;85;Jugada;false;1;1;Fernando Cavenaghi;3;3;403;413
103;103;Lucas Alario;65;79;Jugada;false;1;1;Tabaré Viudez;1;1;271;282
104;104;Sebastián Driussi;66;48;Jugada;false;4;4;Gonzalo Martínez;7;7;244;254
105;105;Fernando Cavenaghi;66;62;Jugada;false;13;13;Javier Saviola;1;1;370;386
106;106;Tabaré Viudez;66;82;Jugada;false;1;1;Gonzalo Martínez;8;8;543;553
107;107;Lucas Alario;67;45;Jugada;false;2;2;Leonel Vangioni;5;5;311;320
108;108;Carlos Sánchez;67;75;Penal;false;14;14;N/A;N/A;N/A;575;580
109;109;Ramiro Funes Mori;67;79;Pelota parada;false;7;7;Leonardo Pisculichi;16;16;639;644
110;110;Carlos Sánchez;68;8;Penal;false;15;15;N/A;N/A;N/A;40;46
111;111;Gabriel Mercado;68;31;Pelota parada;false;6;6;Carlos Sánchez;7;7;107;114
112;112;Gonzalo Martínez;68;61;Jugada;false;3;3;Gabriel Mercado;2;2;177;184
113;113;Luis González;69;39;Jugada;false;1;1;Matías Kranevitter;1;1;8;20
114;114;Gonzalo Martínez;70;14;Jugada;false;4;4;Carlos Sánchez;8;8;21;31
115;115;Lucas Alario;71;22;Jugada;false;3;3;Javier Saviola;2;2;360;371
116;116;Lucas Alario;71;36;Jugada;false;4;4;N/A;N/A;N/A;563;572
117;117;Lucas Alario;71;64;Jugada;false;5;5;Javier Saviola;3;3;856;867
118;118;Sebastián Driussi;71;76;Jugada;false;5;5;Gonzalo Martínez;9;9;940;949
119;119;Rodrigo Mora;73;64;Pelota parada;false;18;18;Leonardo Pisculichi;17;17;80;88
120;120;Lucas Alario;74;27;Jugada;false;6;6;Rodrigo Mora;6;6;106;115
121;121;Rodrigo Mora;74;76;Jugada;false;19;19;Tabaré Viudez;2;2;176;185
122;122;Gonzalo Martínez;75;48;Jugada;false;5;5;Sebastián Driussi;1;1;26;34
123;123;Rodrigo Mora;78;75;Jugada;false;20;20;Tabaré Viudez;3;3;162;172
124;124;Carlos Sánchez;79;20;Jugada;false;16;16;Milton Casco;1;1;0;11
125;125;Leonardo Pisculichi;79;63;Tiro libre;false;8;8;N/A;N/A;N/A;165;173
126;126;Carlos Sánchez;79;86;Jugada;false;17;17;Sebastián Driussi;2;2;220;230
127;127;Carlos Sánchez;80;45+1;Jugada;false;18;18;Leonardo Pisculichi;18;18;215;225
128;128;Lucas Alario;81;82;Jugada;false;7;7;N/A;N/A;N/A;136;147
129;129;Rodrigo Mora;82;69;Jugada;false;21;21;Lucas Alario;2;2;136;141
130;130;Rodrigo Mora;82;82;Jugada;false;22;22;Luis González;1;1;175;186
131;131;Lucas Alario;83;72;Pelota parada;false;8;8;Jonatan Maidana;2;2;0;12
132;132;Rodrigo Mora;84;19;Penal;false;23;23;N/A;N/A;N/A;528;534
133;133;Gonzalo Martínez;84;45+2;Jugada;false;6;6;Nicolás Domingo;1;1;798;807
134;134;Gonzalo Martínez;84;52;Jugada;false;7;7;Nicolás Bertolo;1;1;915;929
135;135;Rodrigo Mora;84;60;Jugada;false;24;24;Ignacio Fernández;1;1;1193;1201
136;136;Lucas Alario;84;72;Jugada;false;9;9;N/A;N/A;N/A;1459;1469
137;137;Nicolás Domingo;85;26;Pelota parada;false;1;1;Andrés D'Alessandro;1;1;478;490
138;138;Iván Alonso;85;69;Jugada;false;1;1;Nicolás Domingo;2;2;853;863
139;139;Gonzalo Martínez;86;40;Jugada;false;8;8;Camilo Mayada;4;4;119;131
140;140;Lucas Alario;87;6;Pelota parada;false;10;10;Gonzalo Martínez;10;10;154;161
141;141;Rodrigo Mora;87;28;Jugada;false;25;25;Lucas Alario;3;3;334;344
142;142;Marcelo Larrondo;87;63;Jugada;true;1;1;N/A;N/A;N/A;617;627
143;143;Leonardo Pisculichi;88;55;Tiro libre;false;9;9;N/A;N/A;N/A;61;68
144;144;Luis González;88;63;Pelota parada;false;2;2;N/A;N/A;N/A;148;159
145;145;Iván Alonso;88;78;Jugada;false;2;2;Gonzalo Martínez;11;11;208;224
146;146;Iván Alonso;88;90+1;Jugada;false;3;3;Gonzalo Martínez;12;12;225;232
147;147;Lucas Alario;89;84;Jugada;false;11;11;N/A;N/A;N/A;707;718
148;148;Thiago Mendes;91;32;Pelota parada;true;1;1;N/A;N/A;N/A;63;71
149;149;Emanuel Mammana;92;22;Jugada;false;1;1;Milton Casco;2;2;0;9
150;150;Rodrigo Mora;93;18;Pelota parada;false;26;26;Leonardo Ponzio;1;1;23;29
151;151;Lucas Alario;94;90+2;Pelota parada;false;12;12;Tabaré Viudez;4;4;945;954
152;152;Rodrigo Mora;95;35;Pelota parada;false;27;27;Andrés D'Alessandro;2;2;74;80
153;153;Andrés D'Alessandro;96;14;Jugada;false;1;1;Camilo Mayada;5;5;0;13
154;154;Ignacio Fernández;96;25;Jugada;false;1;1;Gabriel Mercado;3;3;82;92
155;155;Camilo Mayada;96;30;Jugada;false;2;2;Leonel Vangioni;6;6;151;159
156;156;Emanuel Mammana;96;42;Jugada;false;2;2;Andrés D'Alessandro;3;3;214;225
157;157;Lucas Alario;96;45+1;Jugada;false;13;13;Rodrigo Mora;7;7;282;294
158;158;Ignacio Fernández;96;83;Jugada;false;2;2;N/A;N/A;N/A;346;353
159;159;Iván Alonso;97;4;Jugada;false;4;4;Milton Casco;3;3;8;16
160;160;Milton Casco;97;24;Jugada;false;1;1;Tabaré Viudez;5;5;80;92
161;161;Iván Alonso;98;83;Pelota parada;false;5;5;Gabriel Mercado;4;4;149;157
162;162;Leonardo Pisculichi;99;66;Jugada;false;10;10;Sebastián Driussi;3;3;79;87
163;163;Andrés D'Alessandro;100;9;Tiro libre;false;2;2;N/A;N/A;N/A;12;18
164;164;Andrés D'Alessandro;100;19;Penal;false;3;3;N/A;N/A;N/A;57;63
165;165;Camilo Mayada;100;49;Jugada;false;3;3;N/A;N/A;N/A;136;145
166;166;Lucas Alario;100;71;Jugada;false;14;14;N/A;N/A;N/A;189;199
167;167;Lucas Alario;104;79;Jugada;false;15;15;N/A;N/A;N/A;336;347
168;168;Lucas Alario;105;90+2;Jugada;false;16;16;N/A;N/A;N/A;331;342
169;169;Iván Alonso;106;58;Jugada;false;6;6;Leonardo Ponzio;2;2;154;161
170;170;Lucas Alario;107;49;Penal;false;17;17;N/A;N/A;N/A;322;330
171;171;Lucas Alario;108;10;Jugada;false;18;18;Sebastián Driussi;4;4;0;12
172;172;Ignacio Fernández;108;41;Jugada;false;3;3;Sebastián Driussi;5;5;50;59
173;173;Gabriel Mercado;108;88;Penal;false;7;7;N/A;N/A;N/A;185;191
174;174;Ignacio Fernández;109;35;Jugada;false;4;4;Gonzalo Martínez;13;13;7;16
175;175;Gonzalo Martínez;109;90;Tiro libre;false;9;9;N/A;N/A;N/A;169;177
176;176;Sebastián Driussi;110;3;Jugada;false;6;6;Gonzalo Martínez;14;14;500;508
177;177;Lucas Alario;110;51;Jugada;false;19;19;Jonatan Maidana;3;3;944;952
178;178;Sebastián Driussi;111;4;Jugada;false;7;7;Jorge Moreira;1;1;58;67
179;179;Lucas Alario;111;50;Jugada;false;20;20;N/A;N/A;N/A;466;473
180;180;Andrés D'Alessandro;111;72;Jugada;false;4;4;N/A;N/A;N/A;617;631
181;181;Gonzalo Martínez;111;74;Jugada;false;10;10;N/A;N/A;N/A;717;727
182;182;Arturo Mina;112;61;Pelota parada;false;1;1;N/A;N/A;N/A;497;508
183;183;Lucas Alario;113;30;Jugada;false;21;21;Ignacio Fernández;2;2;175;185
184;184;Lucas Alario;114;53;Jugada;false;22;22;Ignacio Fernández;3;3;461;474
185;185;Mariano Bareiro;115;17;Jugada;true;1;1;N/A;N/A;N/A;259;271
186;186;Sebastián Driussi;115;27;Jugada;false;8;8;N/A;N/A;N/A;335;346
187;187;Sebastián Driussi;115;64;Jugada;false;9;9;Tomás Andrade;2;2;754;766
188;188;Sebastián Driussi;116;16;Jugada;false;10;10;N/A;N/A;N/A;194;205
189;189;Lucas Alario;116;45;Penal;false;23;23;N/A;N/A;N/A;444;450
190;190;Sebastián Driussi;116;56;Jugada;false;11;11;Andrés D'Alessandro;4;4;625;634
191;191;Sebastián Driussi;117;7;Jugada;false;12;12;Tomás Andrade;3;3;33;44
192;192;Andrés D'Alessandro;118;79;Tiro libre;false;5;5;N/A;N/A;N/A;744;752
193;193;Sebastián Driussi;119;6;Pelota parada;false;13;13;Gonzalo Martínez;15;15;0;7
194;194;Joaquín Arzura;119;74;Pelota parada;false;1;1;Gonzalo Martínez;16;16;36;41
195;195;Lucas Alario;119;90+3;Jugada;false;24;24;Gonzalo Martínez;17;17;77;84
196;196;Sebastián Driussi;120;31;Jugada;false;14;14;Rodrigo Mora;8;8;255;263
197;197;Gonzalo Martínez;120;49;Jugada;false;11;11;N/A;N/A;N/A;425;435
198;198;Lucas Alario;121;44;Penal;false;25;25;N/A;N/A;N/A;338;344
199;199;Sebastián Driussi;123;64;Pelota parada;false;15;15;N/A;N/A;N/A;586;592
200;200;Sebastián Driussi;124;40;Jugada;false;16;16;Ignacio Fernández;4;4;11;17
201;201;Lucas Alario;124;44;Jugada;false;26;26;Gonzalo Martínez;18;18;32;37
202;202;Sebastián Driussi;126;34;Jugada;false;17;17;N/A;N/A;N/A;314;323
203;203;Lucas Alario;126;40;Jugada;false;27;27;Jorge Moreira;2;2;381;387
204;204;Lucas Alario;127;11;Penal;false;28;28;N/A;N/A;N/A;21;26
205;205;Lucas Alario;127;40;Penal;false;29;29;N/A;N/A;N/A;76;82
206;206;Lucas Alario;127;72;Jugada;false;30;30;Iván Alonso;1;1;103;111
207;207;Iván Alonso;127;75;Jugada;false;7;7;Lucas Alario;4;4;122;128
208;208;Lucas Alario;128;36;Jugada;false;31;31;Rodrigo Mora;9;9;386;398
209;209;Sebastián Driussi;128;77;Penal;false;18;18;N/A;N/A;N/A;960;967
210;210;Lucas Alario;130;30;Penal;false;32;32;N/A;N/A;N/A;235;241
211;211;Sebastián Driussi;130;34;Pelota parada;false;19;19;N/A;N/A;N/A;347;356
212;212;Lucas Martínez Quarta;130;52;Pelota parada;false;2;2;N/A;N/A;N/A;643;652
213;213;Ariel Rojas;131;48;Pelota parada;false;3;3;Gonzalo Martínez;19;19;540;550
214;214;Gonzalo Martínez;131;79;Tiro libre;false;12;12;N/A;N/A;N/A;743;751
215;215;Carlos Auzqui;131;90+2;Jugada;false;1;1;Lucas Alario;5;5;856;865
216;216;Sebastián Driussi;132;46;Jugada;false;20;20;Ariel Rojas;8;8;469;481
217;217;Gonzalo Martínez;132;68;Jugada;false;13;13;Milton Casco;4;4;754;763
218;218;Lucas Alario;133;23;Jugada;false;33;33;Gonzalo Martínez;20;20;282;293
219;219;Rodrigo Mora;133;83;Pelota parada;false;28;28;Gonzalo Martínez;21;21;1011;1017
220;220;Lucas Alario;134;72;Jugada;false;34;34;Sebastián Driussi;6;6;618;629
221;221;Lucas Alario;134;87;Jugada;false;35;35;Sebastián Driussi;7;7;756;770
222;222;Ignacio Fernández;135;18;Jugada;false;5;5;Lucas Martínez Quarta;1;1;195;206
223;223;Sebastián Driussi;135;22;Pelota parada;false;21;21;Lucas Alario;6;6;257;264
224;224;Lucas Martínez Quarta;135;27;Jugada;false;3;3;Ignacio Fernández;5;5;448;457
225;225;Sebastián Driussi;135;67;Jugada;false;22;22;Ignacio Fernández;6;6;759;766
226;226;Sebastián Driussi;136;53;Jugada;false;23;23;N/A;N/A;N/A;570;577
227;227;Rodrigo Mora;136;79;Jugada;false;29;29;Exequiel Palacios;1;1;762;772
228;228;Sebastián Driussi;137;50;Jugada;false;24;24;N/A;N/A;N/A;518;530
229;229;Jorge Moreira;138;42;Jugada;false;1;1;N/A;N/A;N/A;362;373
230;230;Lucas Alario;138;81;Jugada;false;36;36;Rodrigo Mora;10;10;774;789
231;231;Lucas Alario;139;38;Jugada;false;37;37;Rodrigo Mora;11;11;266;272
232;232;Lucas Alario;139;63;Penal;false;38;38;N/A;N/A;N/A;719;724
233;233;Sebastián Driussi;139;70;Jugada;false;25;25;Gonzalo Martínez;22;22;817;826
234;234;Camilo Mayada;139;89;Jugada;false;4;4;Marcelo Larrondo;1;1;982;992
235;235;Rodrigo Mora;140;68;Penal;false;30;30;Rodrigo Mora;12;12;562;568
236;236;Gonzalo Martínez;141;15;Jugada;false;14;14;Sebastián Driussi;8;8;189;200
237;237;Lucas Alario;141;24;Jugada;false;39;39;Gonzalo Martínez;23;23;398;410
238;238;Sebastián Driussi;141;90+1;Jugada;false;26;26;Ignacio Fernández;7;7;1100;1111
239;239;Lucas Alario;142;12;Pelota parada;false;40;40;N/A;N/A;N/A;26;33
240;240;Camilo Mayada;142;20;Jugada;false;5;5;N/A;N/A;N/A;86;95
241;241;Ignacio Fernández;142;70;Jugada;false;6;6;Camilo Mayada;6;6;268;276
242;242;Sebastián Driussi;143;4;Jugada;false;27;27;Lucas Alario;7;7;97;107
243;243;Gonzalo Martínez;143;54;Jugada;false;15;15;Augusto Batalla;1;1;501;510
244;244;Carlos Auzqui;143;67;Jugada;false;2;2;Lucas Alario;8;8;660;669
245;245;Arturo Mina;144;83;Jugada;false;2;2;N/A;N/A;N/A;244;255
246;246;Jorge Moreira;146;1;Jugada;false;2;2;Gonzalo Martínez;24;24;73;86
247;247;Ignacio Canuto;146;61;Jugada;true;1;1;N/A;N/A;N/A;673;684
248;248;Gonzalo Martínez;146;64;Jugada;false;16;16;Lucas Alario;9;9;776;785
249;249;Sebastián Driussi;147;19;Penal;false;28;28;N/A;N/A;N/A;248;256
250;250;Marcelo Larrondo;148;80;Jugada;false;1;1;Jorge Moreira;3;3;269;279
251;251;Jonatan Maidana;148;87;Pelota parada;false;2;2;Milton Casco;5;5;333;344
252;252;Lucas Martínez Quarta;149;69;Pelota parada;false;1;1;N/A;N/A;N/A;538;544
253;253;Ignacio Scocco;151;37;Tiro libre;false;1;1;N/A;N/A;N/A;79;86
254;254;Marcelo Larrondo;151;88;Pelota parada;false;2;2;Gonzalo Martínez;25;25;294;302
255;255;Javier Pinola;152;52;Pelota parada;false;1;1;N/A;N/A;N/A;579;589
256;256;Gonzalo Martínez;153;12;Jugada;false;17;17;Lucas Alario;10;10;36;44
257;257;Ignacio Fernández;153;42;Jugada;false;7;7;Jorge Moreira;4;4;87;94
258;258;Gonzalo Martínez;153;90;Penal;false;18;18;N/A;N/A;N/A;166;170
259;259;Lucas Alario;154;45+2;Jugada;false;41;41;Ignacio Fernández;8;8;10;16
260;260;Enzo Pérez;154;66;Jugada;false;1;1;Jorge Moreira;5;5;50;60
261;261;Jonatan Maidana;154;84;Pelota parada;false;3;3;Ariel Rojas;9;9;116;121
262;262;Rafael Santos Borré;154;85;Jugada;false;1;1;Enzo Pérez;1;1;146;154
263;263;Ignacio Scocco;155;32;Jugada;false;2;2;Gonzalo Martínez;26;26;17;27
264;264;Javier Pinola;156;18;Pelota parada;false;2;2;Nicolás De la Cruz;1;1;177;185
265;265;Gonzalo Martínez;156;43;Jugada;false;19;19;Javier Pinola;1;1;382;391
266;266;Ignacio Scocco;156;73;Penal;false;3;3;N/A;N/A;N/A;772;777
267;267;Rafael Santos Borré;157;4;Jugada;false;2;2;Carlos Auzqui;1;1;12;20
268;268;Carlos Auzqui;157;25;Jugada;false;3;3;Exequiel Palacios;2;2;36;42
269;269;Alan Picazzo;157;90+3;Jugada;false;1;1;Marcelo Saracchi;1;1;141;152
270;270;Ignacio Scocco;158;9;Jugada;false;4;4;Leonardo Ponzio;3;3;159;170
271;271;Ignacio Scocco;158;14;Jugada;false;5;5;Carlos Auzqui;2;2;242;251
272;272;Ignacio Scocco;158;19;Jugada;false;6;6;Gonzalo Martínez;27;27;320;329
273;273;Enzo Pérez;158;36;Jugada;false;2;2;Ignacio Scocco;1;1;592;601
274;274;Ignacio Scocco;158;46;Jugada;false;7;7;Gonzalo Montiel;1;1;783;794
275;275;Ignacio Fernández;158;53;Jugada;false;8;8;N/A;N/A;N/A;916;926
276;276;Ignacio Scocco;158;58;Pelota parada;false;8;8;N/A;N/A;N/A;1015;1021
277;277;Enzo Pérez;158;67;Jugada;false;3;3;Gonzalo Montiel;2;2;1133;1150
278;278;Gonzalo Martínez;159;18;Penal;false;20;20;N/A;N/A;N/A;208;215
279;279;Ignacio Scocco;160;10;Penal;false;9;9;N/A;N/A;N/A;13;19
280;280;Ignacio Scocco;161;11;Penal;false;10;10;N/A;N/A;N/A;21;28
281;281;Ignacio Scocco;161;13;Jugada;false;11;11;Rafael Santos Borré;1;1;51;59
282;282;Exequiel Palacios;161;87;Jugada;false;1;1;Gonzalo Martínez;28;28;93;104
283;283;Milton Casco;162;50;Jugada;false;2;2;N/A;N/A;N/A;56;66
284;284;Rafael Santos Borré;162;53;Jugada;false;3;3;Carlos Auzqui;3;3;102;112
285;285;Marcelo Saracchi;163;44;Jugada;false;1;1;Ignacio Scocco;2;2;25;35
286;286;Ignacio Fernández;163;45;Jugada;false;9;9;N/A;N/A;N/A;80;87
287;287;Gonzalo Martínez;163;76;Jugada;false;21;21;Ariel Rojas;10;10;172;181
288;288;Carlos Auzqui;163;84;Jugada;false;4;4;Ignacio Fernández;9;9;312;323
289;289;Ignacio Scocco;164;82;Jugada;false;12;12;N/A;N/A;N/A;449;459
290;290;Ignacio Scocco;165;18;Penal;false;13;13;N/A;N/A;N/A;84;89
291;291;Gonzalo Montiel;165;23;Pelota parada;false;1;1;N/A;N/A;N/A;137;144
292;292;Leonardo Ponzio;166;69;Jugada;false;2;2;Nicolás De la Cruz;2;2;164;171
293;293;Ignacio Fernández;167;40;Jugada;false;10;10;Gonzalo Martínez;29;29;33;40
294;294;Jonatan Maidana;167;43;Jugada;false;4;4;Nicolás De la Cruz;3;3;55;63
295;295;Rafael Santos Borré;167;90+1;Jugada;false;4;4;T Tomás Andrade;1;1;83;91
296;296;Rafael Santos Borré;169;67;Jugada;false;5;5;Ignacio Scocco;3;3;122;131
297;297;Gonzalo Martínez;169;74;Penal;false;22;22;N/A;N/A;N/A;164;170
298;298;Gonzalo Martínez;170;67;Jugada;false;23;23;Rafael Santos Borré;2;2;83;92
299;299;Ignacio Scocco;171;78;Tiro libre;false;14;14;N/A;N/A;N/A;367;373
300;300;Ignacio Scocco;172;10;Jugada;false;15;15;Enzo Pérez;2;2;14;22
301;301;Ignacio Fernández;172;48;Jugada;false;11;11;Marcelo Saracchi;2;2;77;84
302;302;Ignacio Scocco;173;56;Tiro libre;false;16;16;N/A;N/A;N/A;132;139
303;303;Ignacio Scocco;173;82;Jugada;false;17;17;Juan Fernando Quintero;1;1;211;223
304;304;Rodrigo Mora;174;38;Jugada;false;31;31;Lucas Pratto;1;1;47;54
305;305;Lucas Pratto;174;51;Jugada;false;1;1;Nicolás De la Cruz;4;4;65;92
306;306;Rodrigo Mora;176;55;Pelota parada;false;32;32;Nicolás De la Cruz;5;5;160;166
307;307;Camilo Mayada;176;87;Jugada;false;6;6;N/A;N/A;N/A;289;297
308;308;Ignacio Scocco;177;43;Penal;false;18;18;N/A;N/A;N/A;57;62
309;309;Adrián Balboa;178;90+3;Pelota parada;true;1;1;N/A;N/A;N/A;160;167
310;310;Gonzalo Martínez;179;18;Penal;false;24;24;N/A;N/A;N/A;60;67
311;311;Ignacio Scocco;179;69;Jugada;false;19;19;Gonzalo Martínez;30;30;140;156
312;312;Gonzalo Martínez;180;2;Jugada;false;25;25;N/A;N/A;N/A;20;28
313;313;Ignacio Scocco;180;78;Jugada;false;20;20;Camilo Mayada;7;7;116;123
314;314;Ignacio Scocco;180;87;Jugada;false;21;21;Lucas Pratto;2;2;134;146
315;315;Gonzalo Martínez;181;31;Penal;false;26;26;N/A;N/A;N/A;110;115
316;316;Javier Pinola;181;45+1;Pelota parada;false;3;3;N/A;N/A;N/A;127;135
317;317;Lucas Pratto;181;54;Jugada;false;2;2;Gonzalo Martínez;31;31;152;160
318;318;Rafael Santos Borré;183;77;Jugada;false;6;6;Exequiel Palacios;3;3;197;206
319;319;Exequiel Palacios;183;90;Jugada;false;2;2;Gonzalo Martínez;32;32;266;279
320;320;Rafael Santos Borré;184;74;Jugada;false;7;7;Lucas Pratto;3;3;204;216
321;321;Lucas Pratto;184;77;Jugada;false;3;3;Rafael Santos Borré;3;3;245;256
322;322;Javier Pinola;185;44;Pelota parada;false;4;4;Gonzalo Martínez;33;33;10;18
323;323;Exequiel Palacios;186;21;Jugada;false;3;3;Rodrigo Mora;13;13;25;33
324;324;Claudio Corvalán;186;35;Pelota parada;true;1;1;N/A;N/A;N/A;58;64
325;325;Juan Fernando Quintero;186;38;Jugada;false;1;1;Rodrigo Mora;14;14;81;94
326;326;Lucas Pratto;187;66;Jugada;false;4;4;N/A;N/A;N/A;145;153
327;327;Gonzalo Martínez;187;74;Jugada;false;27;27;Lucas Pratto;4;4;179;191
328;328;Lucas Pratto;188;24;Jugada;false;5;5;Juan Fernando Quintero;2;2;19;27
329;329;Javier Pinola;189;11;Pelota parada;false;5;5;Juan Fernando Quintero;3;3;28;34
330;330;Ignacio Scocco;189;81;Jugada;false;22;22;Lucas Pratto;5;5;52;59
331;331;Ignacio Fernández;190;54;Jugada;false;12;12;Lucas Pratto;6;6;56;65
332;332;Rafael Santos Borré;190;83;Jugada;false;8;8;N/A;N/A;N/A;106;115
333;333;Ignacio Scocco;191;5;Jugada;false;23;23;Ignacio Fernández;10;10;21;30
334;334;Lucas Pratto;191;16;Jugada;false;6;6;Gonzalo Martínez;34;34;47;57
335;335;Ignacio Scocco;191;22;Jugada;false;24;24;N/A;N/A;N/A;80;92
336;336;Lucas Martínez Quarta;191;31;Jugada;false;4;4;Gonzalo Martínez;35;35;119;124
337;337;Exequiel Palacios;191;45;Jugada;false;4;4;Lucas Pratto;7;7;145;154
338;338;Exequiel Palacios;191;49;Jugada;false;5;5;N/A;N/A;N/A;177;187
339;339;Rafael Santos Borré;191;64;Jugada;false;9;9;Rodrigo Mora;15;15;203;211
340;340;Gonzalo Martínez;192;15;Penal;false;28;28;N/A;N/A;N/A;13;18
341;341;Ignacio Fernández;192;50;Jugada;false;13;13;Lucas Pratto;8;8;26;34
342;342;Lucas Pratto;192;59;Jugada;false;7;7;Exequiel Palacios;4;4;35;43
343;343;Lucas Pratto;197;11;Jugada;false;8;8;Gonzalo Montiel;3;3;266;279
344;344;Exequiel Palacios;197;28;Jugada;false;6;6;N/A;N/A;N/A;430;445
345;345;Rafael Santos Borré;197;81;Pelota parada;false;10;10;Ignacio Fernández;11;11;874;880
346;346;Juan Fernando Quintero;198;40;Jugada;false;2;2;Exequiel Palacios;5;5;18;30
347;347;Lucas Pratto;199;65;Penal;false;9;9;N/A;N/A;N/A;296;300
348;348;Ignacio Scocco;199;82;Penal;false;25;25;N/A;N/A;N/A;403;407
349;349;Rodrigo Mora;200;23;Jugada;false;33;33;Lucas Pratto;9;9;5;17
350;350;Camilo Mayada;200;35;Jugada;false;7;7;N/A;N/A;N/A;33;47
351;351;Rodrigo Mora;200;50;Jugada;false;34;34;N/A;N/A;N/A;62;72
352;352;Gonzalo Martínez;200;72;Penal;false;29;29;N/A;N/A;N/A;99;103
353;353;Gonzalo Martínez;202;15;Jugada;false;30;30;N/A;N/A;N/A;29;36
354;354;Ignacio Scocco;202;69;Jugada;false;26;26;Rafael Santos Borré;4;4;291;298
355;355;Ignacio Scocco;203;28;Jugada;false;27;27;Nicolás De la Cruz;6;6;60;73
356;356;Matías Ibáñez;203;53;Jugada;true;1;1;N/A;N/A;N/A;100;112
357;357;Luciano Lollo;203;58;Pelota parada;false;1;1;Juan Fernando Quintero;4;4;127;132
358;358;Nicolás De la Cruz;203;64;Jugada;false;1;1;Camilo Mayada;8;8;145;156
359;359;Exequiel Palacios;203;71;Jugada;false;7;7;Rafael Santos Borré;5;5;170;181
360;360;Ignacio Scocco;204;47;Jugada;false;28;28;Rafael Santos Borré;6;6;435;445
361;361;Juan Fernando Quintero;204;69;Jugada;false;3;3;N/A;N/A;N/A;688;695
362;362;Rafael Santos Borré;204;85;Jugada;false;11;11;Nicolás De la Cruz;7;7;817;828
363;363;Juan Fernando Quintero;205;26;Jugada;false;4;4;N/A;N/A;N/A;0;9
364;364;Rafael Santos Borré;205;34;Jugada;false;12;12;Ignacio Scocco;4;4;21;25
365;365;Juan Fernando Quintero;205;77;Jugada;false;5;5;Rodrigo Mora;16;16;48;56
366;366;Cristian Ferreira;208;56;Jugada;false;1;1;Enzo Pérez;3;3;14;28
367;367;Rafael Santos Borré;209;82;Pelota parada;false;13;13;Gonzalo Martínez;36;36;407;414
368;368;Gonzalo Martínez;209;90+5;Penal;false;31;31;N/A;N/A;N/A;509;515
369;369;Lucas Pratto;210;35;Jugada;false;10;10;Gonzalo Martínez;37;37;272;282
370;370;Carlos Izquierdoz;210;61;Pelota parada;true;1;1;N/A;N/A;N/A;615;622
371;371;Gonzalo Martínez;211;30;Tiro libre;false;32;32;N/A;N/A;N/A;97;102
372;372;Lucas Pratto;211;47;Jugada;false;11;11;Ignacio Fernández;12;12;211;217
373;373;Rafael Santos Borré;212;7;Jugada;false;14;14;Julián Álvarez;1;1;35;44
374;374;Rafael Santos Borré;212;36;Jugada;false;15;15;N/A;N/A;N/A;84;94
375;375;Matías Moya;212;88;Jugada;false;1;1;N/A;N/A;N/A;243;254
376;376;Lucas Pratto;213;68;Jugada;false;12;12;Ignacio Fernández;13;13;657;665
377;377;Juan Fernando Quintero;213;109;Jugada;false;6;6;Camilo Mayada;9;9;946;957
378;378;Gonzalo Martínez;213;120+2;Jugada;false;33;33;Juan Fernando Quintero;5;5;1116;1133
379;379;Rafael Santos Borré;214;11;Jugada;false;16;16;Lucas Pratto;10;10;142;149
380;380;Rafael Santos Borré;214;16;Jugada;false;17;17;Gonzalo Martínez;38;38;189;195
381;381;Bruno Zuculini;215;24;Pelota parada;false;1;1;Nicolás De la Cruz;8;8;6;11
382;382;Gonzalo Martínez;215;73;Jugada;false;34;34;Julián Álvarez;2;2;20;28
383;383;Rafael Santos Borré;215;88;Penal;false;18;18;N/A;N/A;N/A;44;48
384;384;Gonzalo Martínez;215;90+3;Jugada;false;35;35;Bruno Zuculini;1;1;58;64
385;385;Juan Fernando Quintero;217;89;Jugada;false;7;7;N/A;N/A;N/A;209;216
386;386;Cristian Ferreira;218;63;Jugada;false;2;2;Exequiel Palacios;6;6;252;260
387;387;Lucas Pratto;219;12;Jugada;false;13;13;Exequiel Palacios;7;7;7;12
388;388;Rafael Santos Borré;219;29;Penal;false;19;19;N/A;N/A;N/A;49;54
389;389;Lucas Pratto;219;50;Jugada;false;14;14;Milton Casco;6;6;94;101
390;390;Matías Suárez;219;82;Jugada;false;1;1;Lucas Pratto;11;11;152;163
391;391;Rafael Santos Borré;220;49;Jugada;false;20;20;Nicolás De la Cruz;9;9;44;50
392;392;Juan Fernando Quintero;220;86;Penal;false;8;8;N/A;N/A;N/A;87;92
393;393;Juan Fernando Quintero;221;30;Tiro libre;false;9;9;N/A;N/A;N/A;69;75
394;394;Milton Casco;221;50;Jugada;false;3;3;N/A;N/A;N/A;119;130
395;395;Juan Fernando Quintero;222;17;Jugada;false;10;10;N/A;N/A;N/A;16;24
396;396;Lucas Pratto;223;83;Penal;false;15;15;N/A;N/A;N/A;294;300
397;397;Juan Fernando Quintero;224;32;Jugada;false;11;11;Lucas Pratto;12;12;135;141
398;398;Matías Suárez;224;84;Jugada;false;2;2;N/A;N/A;N/A;328;334
399;399;Lucas Martínez Quarta;225;4;Pelota parada;false;5;5;Cristian Ferreira;1;1;11;17
400;400;Matías Suárez;225;24;Jugada;false;3;3;Camilo Mayada;10;10;64;73
401;401;Cristian Ferreira;225;36;Tiro libre;false;3;3;N/A;N/A;N/A;125;130
402;402;Ignacio Scocco;225;76;Penal;false;29;29;N/A;N/A;N/A;225;229
403;403;Cristian Ferreira;226;90+6;Tiro libre;false;4;4;N/A;N/A;N/A;694;699
404;404;Cristian Ferreira;227;20;Jugada;false;5;5;N/A;N/A;N/A;59;65
405;405;Julián Álvarez;228;59;Jugada;false;1;1;Matías Suárez;1;1;186;194
406;406;Ignacio Scocco;228;70;Penal;false;30;30;N/A;N/A;N/A;229;233
407;407;Lucas Pratto;228;82;Jugada;false;16;16;N/A;N/A;N/A;241;250
408;408;Ignacio Fernández;229;27;Jugada;false;14;14;Lucas Pratto;13;13;95;107
409;409;Ignacio Fernández;229;34;Tiro libre;false;15;15;N/A;N/A;N/A;120;127
410;410;Lucas Pratto;230;42;Penal;false;17;17;N/A;N/A;N/A;254;260
411;411;Nicolás De la Cruz;230;61;Tiro libre;false;2;2;N/A;N/A;N/A;316;325
412;412;Robert Rojas;231;17;Jugada;false;1;1;Rafael Santos Borré;7;7;3;10
413;413;Hernán López;231;86;Jugada;false;1;1;Nahuel Gallardo;1;1;52;59
414;414;Matías Suárez;232;15;Jugada;false;4;4;Nicolás De la Cruz;10;10;50;59
415;415;Lucas Martínez Quarta;232;54;Pelota parada;false;6;6;Ignacio Fernández;14;14;385;391
416;416;Nicolás De la Cruz;232;90+3;Jugada;false;3;3;Lucas Pratto;14;14;547;555
417;417;Rafael Santos Borré;233;69;Jugada;false;21;21;N/A;N/A;N/A;11;22
418;418;Matías Suárez;233;78;Jugada;false;5;5;Rafael Santos Borré;8;8;79;87
419;419;Matías Suárez;233;90+2;Jugada;false;6;6;Rafael Santos Borré;9;9;153;160
420;420;Javier Pinola;234;31;Pelota parada;false;6;6;Ignacio Fernández;15;15;16;20
421;421;Ignacio Fernández;234;63;Jugada;false;16;16;N/A;N/A;N/A;40;48
422;422;Enzo Pérez;235;44;Jugada;false;4;4;Fabrizio Angileri;1;1;254;263
423;423;Rafael Santos Borré;236;27;Pelota parada;false;22;22;N/A;N/A;N/A;8;14
424;424;Nicolás De la Cruz;236;31;Jugada;false;4;4;Lucas Pratto;15;15;37;47
425;425;Nicolás De la Cruz;236;53;Jugada;false;5;5;Rafael Santos Borré;10;10;56;65
426;426;Lucas Pratto;236;68;Jugada;false;18;18;Rafael Santos Borré;11;11;68;75
427;427;Nicolás De la Cruz;236;74;Jugada;false;6;6;N/A;N/A;N/A;82;94
428;428;Cristian Ferreira;236;84;Jugada;false;6;6;Julián Álvarez;3;3;104;109
429;429;Julián Álvarez;237;35;Jugada;false;2;2;Exequiel Palacios;8;8;194;204
430;430;Lucas Pratto;237;90+3;Jugada;false;19;19;N/A;N/A;N/A;747;757
431;431;Ignacio Fernández;239;15;Jugada;false;17;17;Camilo Mayada;11;11;69;80
432;432;Lucas Pratto;239;41;Jugada;false;20;20;N/A;N/A;N/A;171;182
433;433;Matías Suárez;239;57;Jugada;false;7;7;Nicolás De la Cruz;11;11;352;361
434;434;Lucas Pratto;239;85;Pelota parada;false;21;21;Nicolás De la Cruz;12;12;512;517
435;435;Ignacio Fernández;241;65;Penal;false;18;18;N/A;N/A;N/A;60;67
436;436;Lucas Pratto;241;90+1;Jugada;false;22;22;Matías Suárez;2;2;84;92
437;437;Matías Suárez;241;90+5;Jugada;false;8;8;Franco Armani;1;1;109;115
438;438;Exequiel Palacios;242;66;Jugada;false;8;8;Benjamín Rollheiser;1;1;151;160
439;439;Jorge Carrascal;244;84;Jugada;false;1;1;Rafael Santos Borré;12;12;197;207
440;440;Rafael Santos Borré;246;23;Penal;false;23;23;N/A;N/A;N/A;97;106
441;441;Matías Suárez;246;30;Jugada;false;9;9;Ignacio Fernández;16;16;185;194
442;442;Matías Suárez;246;87;Pelota parada;false;10;10;Cristian Ferreira;2;2;542;547
443;443;Rafael Santos Borré;247;35;Jugada;false;24;24;Exequiel Palacios;9;9;164;171
444;444;Rafael Santos Borré;247;36;Jugada;false;25;25;Matías Suárez;3;3;234;246
445;445;Matías Suárez;247;38;Jugada;false;11;11;Nicolás De la Cruz;13;13;309;320
446;446;Ignacio Fernández;247;64;Penal;false;19;19;N/A;N/A;N/A;539;546
447;447;Nicolás De la Cruz;247;68;Jugada;false;7;7;Lucas Pratto;16;16;615;622
448;448;Ignacio Scocco;247;71;Jugada;false;31;31;Nicolás De la Cruz;14;14;684;692
449;449;Ignacio Fernández;248;7;Penal;false;20;20;N/A;N/A;N/A;30;34
450;450;Rafael Santos Borré;248;64;Penal;false;26;26;N/A;N/A;N/A;133;137
451;451;Nicolás De la Cruz;250;52;Jugada;false;8;8;N/A;N/A;N/A;82;90
452;452;Milton Casco;252;19;Jugada;false;4;4;Matías Suárez;4;4;14;24
453;453;Ignacio Fernández;252;33;Penal;false;21;21;N/A;N/A;N/A;93;98
454;454;Exequiel Palacios;252;45+2;Jugada;false;9;9;N/A;N/A;N/A;121;129
455;455;Nicolás De la Cruz;252;50;Jugada;false;9;9;Rafael Santos Borré;13;13;163;171
456;456;Héctor Varela;253;22;Pelota parada;true;1;1;N/A;N/A;N/A;82;88
457;457;Ignacio Fernández;254;60;Jugada;false;22;22;Lucas Martínez Quarta;2;2;382;398
458;458;Jorge Carrascal;255;22;Jugada;false;2;2;Ignacio Scocco;5;5;59;65
459;459;Ignacio Scocco;255;74;Jugada;false;32;32;N/A;N/A;N/A;357;367
460;460;Rafael Santos Borré;256;7;Penal;false;27;27;N/A;N/A;N/A;309;315
461;461;Ignacio Fernández;256;70;Jugada;false;23;23;Matías Suárez;5;5;541;550
462;462;Rafael Santos Borré;257;59;Jugada;false;28;28;Matías Suárez;6;6;69;83
463;463;Rafael Santos Borré;257;60;Jugada;false;29;29;Nicolás De la Cruz;15;15;111;126
464;464;Rafael Santos Borré;258;7;Jugada;false;30;30;N/A;N/A;N/A;140;148
465;465;Ignacio Scocco;258;58;Jugada;false;33;33;Ignacio Fernández;17;17;444;453
466;466;Ignacio Scocco;259;58;Jugada;false;34;34;Lucas Pratto;17;17;357;366
467;467;Ignacio Scocco;259;68;Pelota parada;false;35;35;N/A;N/A;N/A;511;517
468;468;Fernando Torrent;259;87;Jugada;true;1;1;N/A;N/A;N/A;590;601
469;469;Nicolás De la Cruz;261;52;Jugada;false;10;10;Matías Suárez;7;7;267;276
470;470;Leonardo Burián;261;63;Jugada;true;1;1;N/A;N/A;N/A;429;439
471;471;Nicolás De la Cruz;262;34;Jugada;false;11;11;Matías Suárez;8;8;66;76
472;472;Rafael Santos Borré;262;54;Jugada;false;31;31;Nicolás De la Cruz;16;16;127;139
473;473;Javier Pinola;264;45+3;Pelota parada;false;7;7;N/A;N/A;N/A;121;127
474;474;Exequiel Palacios;264;90+6;Jugada;false;10;10;Juan Fernando Quintero;6;6;411;428
475;475;Rafael Santos Borré;265;14;Jugada;false;32;32;Ignacio Fernández;18;18;155;168
476;476;Ignacio Fernández;266;38;Tiro libre;false;24;24;N/A;N/A;N/A;286;292
477;477;Rafael Santos Borré;266;64;Jugada;false;33;33;N/A;N/A;N/A;489;500
478;478;Ignacio Scocco;266;71;Jugada;false;36;36;Ignacio Fernández;19;19;558;568
479;479;Ignacio Scocco;268;31;Jugada;false;37;37;Nicolás De la Cruz;17;17;307;315
480;480;Ignacio Fernández;268;68;Jugada;false;25;25;Ignacio Scocco;6;6;524;529
481;481;Julián Álvarez;268;72;Jugada;false;3;3;Ignacio Fernández;20;20;597;610
482;482;Rafael Santos Borré;269;23;Jugada;false;34;34;Gonzalo Montiel;4;4;54;62
483;483;Rafael Santos Borré;269;69;Jugada;false;35;35;Paulo Díaz;1;1;236;244
484;484;Matías Suárez;270;16;Jugada;false;12;12;Nicolás De la Cruz;18;18;111;124
485;485;Rafael Santos Borré;271;45+2;Jugada;false;36;36;Milton Casco;7;7;7;18
486;486;Ignacio Scocco;271;90+2;Jugada;false;38;38;Matías Suárez;9;9;35;48
487;487;Ignacio Fernández;272;55;Jugada;false;26;26;Matías Suárez;10;10;411;421
488;488;Robert Rojas;272;65;Pelota parada;false;2;2;Juan Fernando Quintero;7;7;491;496
489;489;Matías Suárez;273;17;Jugada;false;13;13;Gonzalo Montiel;5;5;171;182
490;490;Rafael Santos Borré;274;22;Jugada;false;37;37;N/A;N/A;N/A;102;116
491;491;Matías Suárez;274;64;Jugada;false;14;14;Ignacio Fernández;21;21;325;338
492;492;Juan Fernando Quintero;275;65;Penal;false;12;12;N/A;N/A;N/A;109;113
493;493;Matías Suárez;277;35;Jugada;false;15;15;Milton Casco;8;8;205;212
494;494;Milton Casco;278;38;Jugada;false;5;5;Ignacio Fernández;22;22;271;279
495;495;Rafael Santos Borré;278;55;Jugada;false;38;38;Matías Suárez;11;11;312;323
496;496;Jorge Carrascal;278;58;Jugada;false;3;3;Enzo Pérez;4;4;365;374
497;497;Ignacio Fernández;278;74;Jugada;false;27;27;Gonzalo Montiel;6;6;408;419
498;498;Robert Rojas;278;79;Pelota parada;false;3;3;Ignacio Fernández;23;23;461;467
499;499;Paulo Díaz;278;80;Jugada;false;1;1;Jorge Carrascal;1;1;495;501
500;500;Matías Suárez;278;88;Jugada;false;16;16;Ignacio Fernández;24;24;533;543
501;501;Ignacio Fernández;278;90+2;Jugada;false;28;28;Matías Suárez;12;12;574;586
502;502;Rafael Santos Borré;279;18;Jugada;false;39;39;Julián Álvarez;4;4;53;62
503;503;Julián Álvarez;279;81;Jugada;false;4;4;Lucas Martínez Quarta;3;3;95;102
504;504;Nicolás De la Cruz;280;15;Jugada;false;12;12;N/A;N/A;N/A;32;42
505;505;Matías Suárez;280;25;Jugada;false;17;17;Gonzalo Montiel;7;7;84;95
506;506;Julián Álvarez;280;36;Jugada;false;5;5;N/A;N/A;N/A;146;160
507;507;Ignacio Fernández;280;70;Jugada;false;29;29;Gonzalo Montiel;8;8;216;226
508;508;Lucas Pratto;280;84;Jugada;false;23;23;N/A;N/A;N/A;258;268
509;509;Lucas Pratto;280;90+2;Jugada;false;24;24;Cristian Ferreira;3;3;297;306
510;510;Julián Álvarez;281;11;Jugada;false;6;6;Nicolás De la Cruz;19;19;39;50
511;511;Julián Álvarez;281;37;Jugada;false;7;7;Matías Suárez;13;13;82;89
512;512;Rafael Santos Borré;282;53;Pelota parada;false;40;40;Santiago Sosa;1;1;52;58
513;513;Julián Álvarez;282;60;Jugada;false;8;8;Rafael Santos Borré;14;14;82;90
514;514;Jorge Carrascal;282;89;Jugada;false;4;4;Lucas Pratto;18;18;118;126
515;515;Rafael Santos Borré;283;6;Pelota parada;false;41;41;Nicolás De la Cruz;20;20;11;16
516;516;Nicolás De la Cruz;284;22;Jugada;false;13;13;Milton Casco;9;9;117;128
517;517;Lucas Pratto;284;77;Jugada;false;25;25;N/A;N/A;N/A;464;475
518;518;Federico Girotti;285;75;Jugada;false;1;1;Matías Suárez;14;14;378;386
519;519;Ignacio Fernández;286;61;Pelota parada;false;30;30;Robert Rojas;1;1;76;85
520;520;Robert Rojas;286;78;Pelota parada;false;4;4;Jorge Carrascal;2;2;134;140
521;521;Paulo Díaz;287;90;Pelota parada;false;2;2;Julián Álvarez;5;5;124;128
522;522;Robert Rojas;288;10;Pelota parada;false;5;5;N/A;N/A;N/A;150;158
523;523;Damián Martínez;288;56;Pelota parada;true;1;1;N/A;N/A;N/A;403;411
524;524;Nicolás De la Cruz;289;84;Penal;false;14;14;N/A;N/A;N/A;124;130
525;525;Bruno Zuculini;290;7;Jugada;false;2;2;Fabrizio Angileri;2;2;28;37
526;526;Julián Álvarez;290;34;Jugada;false;9;9;Jorge Carrascal;3;3;85;93
527;527;Lucas Pratto;290;70;Jugada;false;26;26;N/A;N/A;N/A;168;175
528;528;Gonzalo Montiel;291;67;Penal;false;2;2;N/A;N/A;N/A;93;98
529;529;Bruno Zuculini;291;90+6;Jugada;false;3;3;Matías Suárez;15;15;107;118
530;530;Julián Álvarez;292;28;Penal;false;10;10;N/A;N/A;N/A;60;64
531;531;Jorge Carrascal;293;28;Jugada;false;5;5;Matías Suárez;16;16;37;48
532;532;Nicolás De la Cruz;293;45;Jugada;false;15;15;Matías Suárez;17;17;60;74
533;533;Bruno Zuculini;293;50;Jugada;false;4;4;Matías Suárez;18;18;102;111
534;534;Rafael Santos Borré;293;67;Jugada;false;42;42;Gonzalo Montiel;9;9;141;150
535;535;Rafael Santos Borré;293;73;Jugada;false;43;43;Gonzalo Montiel;10;10;163;174
536;536;Rafael Santos Borré;293;80;Jugada;false;44;44;Gonzalo Montiel;11;11;180;188
537;537;Matías Suárez;294;27;Jugada;false;18;18;Rafael Santos Borré;15;15;190;199
538;538;Nicolás De la Cruz;294;34;Jugada;false;16;16;Fabrizio Angileri;3;3;273;282
539;539;Nicolás De la Cruz;294;83;Jugada;false;17;17;Julián Álvarez;6;6;645;653
540;540;Ignacio Fernández;295;56;Jugada;false;31;31;N/A;N/A;N/A;257;267
541;541;Matías Suárez;295;67;Jugada;false;19;19;Ignacio Fernández;25;25;331;341
542;542;Federico Girotti;296;74;Jugada;false;2;2;Gonzalo Montiel;12;12;583;590
543;543;Rafael Santos Borré;296;77;Jugada;false;45;45;Ignacio Fernández;26;26;680;689
544;544;Robert Rojas;299;29;Pelota parada;false;6;6;Nicolás De la Cruz;21;21;117;123
545;545;Rafael Santos Borré;299;44;Jugada;false;46;46;Matías Suárez;19;19;173;182
546;546;Matías Suárez;300;15;Jugada;false;20;20;Julián Álvarez;7;7;19;29
547;547;Julián Álvarez;300;35;Jugada;false;11;11;Milton Casco;10;10;129;138
548;548;Fabrizio Angileri;300;59;Jugada;false;1;1;Lucas Beltrán;1;1;177;185
549;549;Federico Girotti;300;78;Jugada;false;3;3;Julián Álvarez;8;8;218;227
550;550;Matías Suárez;301;62;Jugada;false;21;21;Fabrizio Angileri;4;4;306;316
551;551;Rafael Santos Borré;302;37;Pelota parada;false;47;47;Paulo Díaz;2;2;101;109
552;552;Gonzalo Montiel;302;57;Penal;false;3;3;N/A;N/A;N/A;333;338
553;553;Nicolás De la Cruz;302;64;Jugada;false;18;18;N/A;N/A;N/A;445;454
554;554;Matías Suárez;303;9;Jugada;false;22;22;Nicolás De la Cruz;22;22;69;79
555;555;Rafael Santos Borré;304;31;Pelota parada;false;48;48;Nicolás De la Cruz;23;23;283;290
556;556;Julián Álvarez;304;69;Jugada;false;12;12;Enzo Pérez;5;5;553;572
557;557;Nicolás De la Cruz;304;70;Jugada;false;19;19;Matías Suárez;20;20;637;648
558;558;Leonel Miranda;304;73;Jugada;true;1;1;N/A;N/A;N/A;722;735
559;559;Matías Suárez;304;81;Jugada;false;23;23;Julián Álvarez;9;9;810;821
560;560;Agustín Palavecino;306;67;Jugada;false;1;1;Fabrizio Angileri;5;5;342;356
561;561;Rafael Santos Borré;307;6;Jugada;false;49;49;Matías Suárez;21;21;143;154
562;562;Matías Suárez;307;15;Jugada;false;24;24;Julián Álvarez;10;10;211;220
563;563;Rafael Santos Borré;307;19;Jugada;false;50;50;Julián Álvarez;11;11;290;300
564;564;Julián Álvarez;307;22;Jugada;false;13;13;Matías Suárez;22;22;371;384
565;565;Rafael Santos Borré;307;36;Jugada;false;51;51;Alex Vigo;1;1;447;454
566;566;Rafael Santos Borré;307;48;Jugada;false;52;52;Julián Álvarez;12;12;559;569
567;567;Federico Girotti;310;11;Jugada;false;4;4;Fabrizio Angileri;6;6;178;187
568;568;Federico Girotti;310;21;Jugada;false;5;5;Gonzalo Montiel;13;13;261;270
569;569;Lucas Beltrán;311;36;Jugada;false;1;1;Nicolás De la Cruz;24;24;221;230
570;570;Fabrizio Angileri;311;58;Tiro libre;false;2;2;N/A;N/A;N/A;513;518
571;571;Gonzalo Montiel;311;73;Penal;false;4;4;N/A;N/A;N/A;628;633
572;572;Fabrizio Angileri;312;45+2;Pelota parada;false;3;3;Julián Álvarez;13;13;235;242
573;573;Rafael Santos Borré;312;51;Jugada;false;53;53;Julián Álvarez;14;14;351;358
574;574;José Paradela;312;65;Jugada;false;1;1;Julián Álvarez;15;15;520;528
575;575;Rafael Santos Borré;312;67;Jugada;false;54;54;David Martínez;1;1;593;604
576;576;Federico Girotti;312;81;Jugada;false;6;6;Rafael Santos Borré;16;16;664;674
577;577;Gonzalo Montiel;313;13;Penal;false;5;5;N/A;N/A;N/A;59;65
578;578;Federico Girotti;314;75;Jugada;false;7;7;N/A;N/A;N/A;557;567
579;579;David Martínez;315;29;Pelota parada;false;1;1;N/A;N/A;N/A;235;244
580;580;Julián Álvarez;315;55;Jugada;false;14;14;Fabrizio Angileri;7;7;398;407
581;581;Gonzalo Montiel;318;16;Penal;false;6;6;N/A;N/A;N/A;155;162
582;582;Rafael Santos Borré;318;45+1;Jugada;false;55;55;Fabrizio Angileri;8;8;392;401
583;583;José Paradela;318;85;Jugada;false;2;2;Matías Suárez;23;23;592;602
584;584;Matías Suárez;318;90+3;Jugada;false;25;25;Nicolás De la Cruz;25;25;678;689
585;585;Paulo Díaz;319;90+2;Pelota parada;false;3;3;Fabrizio Angileri;9;9;555;563
586;586;Julián Álvarez;320;68;Jugada;false;15;15;Fabrizio Angileri;10;10;496;510
587;587;Fabrizio Angileri;321;3;Jugada;false;4;4;N/A;N/A;N/A;92;104
588;588;Julián Álvarez;321;6;Jugada;false;16;16;David Martínez;2;2;160;167
589;589;Federico Girotti;322;85;Jugada;false;8;8;Julián Álvarez;16;16;522;529
590;590;Matías Suárez;323;10;Jugada;false;26;26;Braian Romero;1;1;67;78
591;591;Matías Suárez;324;90+1;Jugada;false;27;27;Javier Pinola;2;2;548;561
592;592;Braian Romero;325;35;Jugada;false;1;1;Matías Suárez;24;24;118;130
593;593;Braian Romero;325;54;Jugada;false;2;2;Matías Suárez;25;25;280;292
594;594;Braian Romero;326;12;Jugada;false;3;3;Matías Suárez;26;26;73;82
595;595;Matías Suárez;326;34;Jugada;false;28;28;Fabrizio Angileri;11;11;308;316
596;596;Nicolás De la Cruz;326;61;Jugada;false;20;20;Matías Suárez;27;27;560;568
597;597;Paulo Díaz;326;65;Jugada;false;4;4;Julián Álvarez;17;17;624;635
598;598;Bruno Zuculini;327;30;Jugada;false;5;5;Matías Suárez;28;28;243;252
599;599;Nicolás De la Cruz;327;41;Jugada;false;21;21;Bruno Zuculini;2;2;310;320
600;600;Nicolás De la Cruz;327;51;Jugada;false;22;22;N/A;N/A;N/A;463;473
601;601;Braian Romero;328;86;Jugada;false;4;4;Fabrizio Angileri;12;12;497;510
602;602;Julián Álvarez;330;50;Jugada;false;17;17;Benjamín Rollheiser;2;2;454;467
603;603;Enzo Fernández;332;50;Penal;false;1;1;N/A;N/A;N/A;230;238
604;604;Braian Romero;332;90;Jugada;false;5;5;Enzo Fernández;1;1;545;553
605;605;Matías Suárez;334;3;Jugada;false;29;29;Nicolás De la Cruz;26;26;9;17
606;606;Julián Álvarez;335;14;Jugada;false;18;18;Braian Romero;2;2;29;39
607;607;Enzo Pérez;335;60;Jugada;false;5;5;Milton Casco;11;11;414;428
608;608;Jorge Carrascal;336;34;Jugada;false;6;6;Milton Casco;12;12;246;254
609;609;Enzo Pérez;336;90+1;Pelota parada;false;6;6;N/A;N/A;N/A;568;579
610;610;Braian Romero;337;66;Jugada;false;6;6;N/A;N/A;N/A;392;405
611;611;Nicolás De la Cruz;338;5;Jugada;false;23;23;Julián Álvarez;18;18;10;19
612;612;Julián Álvarez;338;61;Jugada;false;19;19;Fabrizio Angileri;13;13;170;178
613;613;Jorge Carrascal;338;72;Jugada;false;7;7;Julián Álvarez;19;19;246;257
614;614;Julián Álvarez;338;77;Jugada;false;20;20;Agustín Palavecino;1;1;329;335
615;615;Emiliano Méndez;339;74;Jugada;true;1;1;N/A;N/A;N/A;377;387
616;616;Jorge Carrascal;340;32;Jugada;false;8;8;Julián Álvarez;20;20;143;152
617;617;Julián Álvarez;340;62;Jugada;false;21;21;N/A;N/A;N/A;380;391
618;618;Braian Romero;340;86;Jugada;false;7;7;Agustín Palavecino;2;2;590;598
619;619;Julián Álvarez;341;25;Jugada;false;22;22;Agustín Palavecino;3;3;149;158
620;620;Julián Álvarez;341;43;Jugada;false;23;23;Santiago Simón;1;1;263;276
621;621;Gustavo Canto;342;18;Jugada;false;1;1;N/A;N/A;N/A;268;278
622;622;Julián Álvarez;343;31;Jugada;false;24;24;Santiago Simón;2;2;228;236
623;623;Julián Álvarez;343;65;Jugada;false;25;25;N/A;N/A;N/A;426;438
624;624;Julián Álvarez;343;84;Jugada;false;26;26;Robert Rojas;2;2;552;567
625;625;Robert Rojas;344;42;Jugada;false;7;7;Santiago Simón;3;3;272;280
626;626;Braian Romero;344;70;Jugada;false;8;8;Julián Álvarez;21;21;475;494
627;627;Bruno Zuculini;345;28;Jugada;false;6;6;N/A;N/A;N/A;152;166
628;628;Julián Álvarez;345;57;Jugada;false;27;27;Braian Romero;3;3;376;386
629;629;Braian Romero;345;59;Jugada;false;9;9;Julián Álvarez;22;22;454;465
630;630;Robert Rojas;346;45+1;Pelota parada;false;8;8;Agustín Palavecino;4;4;455;461
631;631;Agustín Palavecino;347;13;Jugada;false;2;2;Enzo Pérez;6;6;185;194
632;632;Julián Álvarez;347;29;Jugada;false;28;28;Agustín Palavecino;5;5;296;305
633;633;Julián Álvarez;347;37;Jugada;false;29;29;N/A;N/A;N/A;353;364
634;634;Julián Álvarez;347;41;Jugada;false;30;30;N/A;N/A;N/A;416;427
635;635;Julián Álvarez;347;74;Jugada;false;31;31;Jorge Carrascal;4;4;583;592
636;636;Julián Álvarez;348;10;Jugada;false;32;32;Enzo Fernández;2;2;73;85
637;637;Agustín Palavecino;349;32;Jugada;false;3;3;Enzo Fernández;3;3;195;206
638;638;Julián Álvarez;349;48;Jugada;false;33;33;N/A;N/A;N/A;315;325
639;639;Braian Romero;349;68;Jugada;false;10;10;Agustín Palavecino;6;6;453;463
640;640;Braian Romero;349;78;Jugada;false;11;11;Jorge Carrascal;5;5;533;542
641;641;Agustín Palavecino;350;68;Jugada;false;4;4;Julián Álvarez;23;23;558;568
642;642;Agustín Palavecino;350;75;Jugada;false;5;5;Jorge Carrascal;6;6;608;617
643;643;Enzo Fernández;351;10;Jugada;false;2;2;Milton Casco;13;13;26;33
644;644;Braian Romero;351;74;Jugada;false;12;12;Agustín Palavecino;7;7;419;431
645;645;Julián Álvarez;352;62;Jugada;false;34;34;Agustín Palavecino;8;8;291;303
646;646;Julián Álvarez;353;41;Jugada;false;35;35;Santiago Simón;4;4;143;152
647;647;Julián Álvarez;353;58;Jugada;false;36;36;N/A;N/A;N/A;293;308
648;648;Benjamín Rollheiser;353;84;Jugada;false;1;1;N/A;N/A;N/A;437;447
649;649;Jorge Carrascal;353;90;Jugada;false;9;9;Julián Álvarez;24;24;501;512
650;650;Julián Álvarez;355;21;Jugada;false;37;37;Marcelo Herrera;1;1;185;196
651;651;Julián Álvarez;355;31;Jugada;false;38;38;Enzo Fernández;4;4;270;280
652;652;Julián Álvarez;355;50;Jugada;false;39;39;Tomás Pochettino;1;1;403;415
653;653;Juan Fernando Quintero;355;79;Penal;false;13;13;N/A;N/A;N/A;678;684
654;654;Juan Fernando Quintero;356;72;Jugada;false;14;14;N/A;N/A;N/A;492;503
655;655;Robert Rojas;356;75;Jugada;false;9;9;Santiago Simón;5;5;570;581
656;656;Esequiel Barco;357;26;Jugada;false;1;1;Enzo Fernández;5;5;173;183
657;657;Nicolás De la Cruz;357;43;Jugada;false;24;24;Santiago Simón;6;6;325;334
658;658;Paulo Díaz;358;37;Pelota parada;false;5;5;Esequiel Barco;1;1;388;395
659;659;Bruno Zuculini;359;26;Pelota parada;false;7;7;Juan Fernando Quintero;8;8;68;74
660;660;Julián Álvarez;359;34;Jugada;false;40;40;Esequiel Barco;2;2;130;141
661;661;Juan Fernando Quintero;359;45+2;Penal;false;15;15;N/A;N/A;N/A;221;227
662;662;Marcelo Herrera;359;80;Jugada;false;1;1;N/A;N/A;N/A;264;276
663;663;José Paradela;359;87;Jugada;false;3;3;Braian Romero;4;4;308;318
664;664;Enzo Fernández;360;30;Penal;false;3;3;N/A;N/A;N/A;141;148
665;665;Julián Álvarez;360;45+1;Penal;false;41;41;N/A;N/A;N/A;205;209
666;666;Juan Fernando Quintero;360;72;Penal;false;16;16;N/A;N/A;N/A;380;386
667;667;Braian Romero;360;90;Jugada;false;13;13;N/A;N/A;N/A;587;600
668;668;Enzo Fernández;362;40;Jugada;false;4;4;Santiago Simón;7;7;224;233
669;669;Santiago Simón;362;63;Jugada;false;1;1;Julián Álvarez;25;25;459;470
670;670;Matías Suárez;363;65;Jugada;false;30;30;Julián Álvarez;26;26;368;375
671;671;Matías Suárez;364;6;Jugada;false;31;31;Bruno Zuculini;3;3;86;96
672;672;Enzo Fernández;364;9;Jugada;false;5;5;Elías Gómez;1;1;146;155
673;673;Juan Fernando Quintero;364;67;Penal;false;17;17;N/A;N/A;N/A;843;849
674;674;Marcelo Herrera;364;89;Jugada;false;2;2;Enzo Fernández;6;6;940;951
675;675;Enzo Fernández;365;10;Jugada;false;6;6;N/A;N/A;N/A;68;79
676;676;Nicolás De la Cruz;365;33;Jugada;false;25;25;N/A;N/A;N/A;271;279
677;677;Enzo Fernández;366;54;Penal;false;7;7;N/A;N/A;N/A;362;372
678;678;Matías Suárez;366;66;Jugada;false;32;32;Juan Fernando Quintero;9;9;440;453
679;679;Enzo Fernández;368;45+2;Penal;false;8;8;N/A;N/A;N/A;340;349
680;680;Matías Suárez;369;82;Jugada;false;33;33;N/A;N/A;N/A;473;488
681;681;Esequiel Barco;369;89;Jugada;false;2;2;Julián Álvarez;27;27;555;568
682;682;Tomás Pochettino;370;34;Jugada;false;1;1;Enzo Fernández;7;7;176;183
683;683;Julián Álvarez;370;35;Jugada;false;42;42;N/A;N/A;N/A;226;237
684;684;Julián Álvarez;370;45;Jugada;false;43;43;Milton Casco;14;14;286;297
685;685;Enzo Fernández;370;52;Jugada;false;9;9;Julián Álvarez;28;28;377;387
686;686;Esequiel Barco;370;59;Jugada;false;3;3;Nicolás De la Cruz;27;27;468;483
687;687;Julián Álvarez;370;63;Jugada;false;44;44;Enzo Fernández;8;8;525;535
688;688;Santiago Simón;370;69;Jugada;false;2;2;N/A;N/A;N/A;571;582
689;689;Enzo Fernández;371;17;Penal;false;10;10;N/A;N/A;N/A;171;180
690;690;José Paradela;372;11;Jugada;false;4;4;N/A;N/A;N/A;23;42
691;691;Julián Álvarez;372;80;Penal;false;45;45;N/A;N/A;N/A;553;561
692;692;Enzo Fernández;373;58;Jugada;false;11;11;Nicolás De la Cruz;28;28;332;342
693;693;Agustín Palavecino;374;42;Jugada;false;7;7;N/A;N/A;N/A;296;308
694;694;Nicolás De la Cruz;374;52;Jugada;false;26;26;Enzo Fernández;9;9;385;400
695;695;David Martínez;374;66;Pelota parada;false;2;2;Emanuel Mammana;1;1;512;519
696;696;Esequiel Barco;374;68;Jugada;false;4;4;N/A;N/A;N/A;581;593
697;697;Julián Álvarez;375;15;Jugada;false;46;46;Santiago Simón;10;10;33;43
698;698;Julián Álvarez;375;18;Jugada;false;47;47;Santiago Simón;11;11;86;96
699;699;Julián Álvarez;375;41;Jugada;false;48;48;Elías Gómez;5;5;177;186
700;700;Santiago Simón;375;53;Jugada;false;3;3;N/A;N/A;N/A;315;327
701;701;Julián Álvarez;375;54;Jugada;false;49;49;N/A;N/A;N/A;366;378
702;702;Julián Álvarez;375;57;Jugada;false;50;50;Elías Gómez;6;6;418;425
703;703;Elías Gómez;375;79;Jugada;false;1;1;Agustín Palavecino;10;10;511;524
704;704;Julián Álvarez;375;83;Jugada;false;51;51;Elías Gómez;7;7;562;573
705;705;Braian Romero;379;16;Jugada;false;14;14;Julián Álvarez;29;29;70;81
706;706;Enzo Fernández;379;59;Jugada;false;12;12;Julián Álvarez;30;30;305;317
707;707;Julián Álvarez;379;73;Jugada;false;52;52;N/A;N/A;N/A;436;447
708;708;Agustín Palavecino;379;87;Jugada;false;8;8;Esequiel Barco;3;3;538;552
709;709;Julián Álvarez;379;90+4;Jugada;false;53;53;Juan Fernando Quintero;10;10;603;614
710;710;José Paradela;380;26;Jugada;false;5;5;Enzo Fernández;10;10;162;172
711;711;Braian Romero;380;33;Jugada;false;15;15;José Paradela;1;1;221;231
712;712;Leandro González Pírez;382;69;Jugada;false;1;1;David Martínez;3;3;494;507
713;713;Julián Álvarez;382;90+3;Pelota parada;false;54;54;José Paradela;2;2;641;647
714;714;Milton Casco;385;21;Jugada;false;6;6;N/A;N/A;N/A;44;56
715;715;Agustín Palavecino;385;66;Jugada;false;9;9;Rodrigo Aliendro;1;1;218;232
716;716;Agustín Palavecino;385;74;Jugada;false;10;10;Elías Gómez;8;8;336;347
717;717;Lucas Beltrán;386;7;Jugada;false;2;2;Santiago Simón;12;12;64;71
718;718;Nicolás De la Cruz;386;30;Jugada;false;27;27;Santiago Simón;13;13;276;285
719;719;Lucas Beltrán;387;43;Jugada;false;3;3;N/A;N/A;N/A;232;242
720;720;Agustín Palavecino;388;71;Jugada;false;11;11;Miguel Borja;1;1;467;477
721;721;Lucas Beltrán;388;73;Jugada;false;4;4;Miguel Borja;2;2;522;535
722;722;Miguel Borja;388;76;Jugada;false;1;1;N/A;N/A;N/A;581;592
723;723;Emanuel Mammana;389;67;Jugada;false;3;3;Juan Fernando Quintero;11;11;562;569
724;724;Matías Suárez;390;90+2;Jugada;false;34;34;N/A;N/A;N/A;499;516
725;725;Pablo Solari;391;30;Jugada;false;1;1;Agustín Palavecino;11;11;299;307
726;726;Pablo Solari;391;33;Jugada;false;2;2;Agustín Palavecino;12;12;384;395
727;727;Javier Pinola;391;72;Pelota parada;false;8;8;Agustín Palavecino;13;13;718;723
728;728;Matías Suárez;391;80;Jugada;false;35;35;Santiago Simón;14;14;792;803
729;729;Pablo Solari;393;11;Jugada;false;3;3;Marcelo Herrera;2;2;42;54
730;730;Miguel Borja;393;15;Pelota parada;false;2;2;Juan Fernando Quintero;12;12;92;98
731;731;Bruno Zuculini;393;67;Pelota parada;false;8;8;Nicolás De la Cruz;29;29;481;489
732;732;Pablo Solari;394;37;Jugada;false;4;4;Nicolás De la Cruz;30;30;211;223
733;733;Pablo Solari;395;4;Jugada;false;5;5;Juan Fernando Quintero;13;13;78;90
734;734;Lucas Beltrán;395;30;Jugada;false;5;5;Nicolás De la Cruz;31;31;176;188
735;735;Pablo Solari;395;51;Jugada;false;6;6;Lucas Beltrán;2;2;348;359
736;736;Pablo Solari;395;83;Jugada;false;7;7;Enzo Pérez;7;7;481;493
737;737;Nicolás De la Cruz;396;25;Jugada;false;28;28;Lucas Beltrán;3;3;243;252
738;738;Miguel Borja;396;90+4;Jugada;false;3;3;Matías Suárez;29;29;633;641
739;739;Miguel Borja;398;71;Jugada;false;4;4;Marcelo Herrera;3;3;432;442
740;740;Emanuel Mammana;399;40;Jugada;false;4;4;N/A;N/A;N/A;202;212
741;741;Bruno Zuculini;401;10;Jugada;false;9;9;Agustín Palavecino;14;14;59;69
742;742;Juan Fernando Quintero;401;52;Olímpico;false;18;18;N/A;N/A;N/A;307;314
743;743;Juan Fernando Quintero;402;66;Tiro libre;false;19;19;N/A;N/A;N/A;372;377
744;744;Lucas Beltrán;402;69;Jugada;false;6;6;N/A;N/A;N/A;434;445
745;745;Agustín Palavecino;402;80;Jugada;false;12;12;Lucas Beltrán;4;4;513;523
746;746;Miguel Borja;403;25;Jugada;false;5;5;Nicolás De la Cruz;32;32;62;75
747;747;Miguel Borja;403;29;Jugada;false;6;6;Juan Fernando Quintero;14;14;135;144
748;748;Pablo Solari;403;83;Jugada;false;8;8;Nicolás De la Cruz;33;33;412;423
749;749;Esequiel Barco;403;85;Jugada;false;5;5;Nicolás De la Cruz;34;34;488;502
750;750;Matías Suárez;403;88;Jugada;false;36;36;N/A;N/A;N/A;568;585
751;751;Miguel Borja;404;54;Jugada;false;7;7;Juan Fernando Quintero;15;15;422;433
752;752;Nicolás De la Cruz;405;60;Jugada;false;29;29;Esequiel Barco;4;4;318;326
753;753;Matías Suárez;405;64;Jugada;false;37;37;N/A;N/A;N/A;419;430
754;754;Matías Suárez;406;88;Jugada;false;38;38;Elías Gómez;9;9;392;404
755;755;Miguel Borja;407;80;Jugada;false;8;8;Tomás Pochettino;2;2;601;610
756;756;Miguel Borja;407;90+5;Jugada;false;9;9;N/A;N/A;N/A;756;767
757;1;Ignacio Fernández;408;45;Jugada;false;1;32;Pablo Solari;1;1;309;318
758;2;Pablo Solari;408;69;Jugada;false;1;9;Milton Casco;1;15;454;464
759;3;Ignacio Fernández;409;81;Jugada;false;2;33;Pablo Solari;2;2;523;534
760;4;Miguel Borja;410;50;Penal;false;1;10;N/A;N/A;N/A;302;308
761;5;Esequiel Barco;410;71;Penal;false;1;6;N/A;N/A;N/A;466;471
762;6;Leandro González Pírez;411;79;Pelota parada;false;1;3;Enzo Pérez;1;8;484;491
763;7;Santiago Simón;412;7;Jugada;false;1;4;N/A;N/A;N/A;0;17
764;8;Santiago Simón;412;44;Pelota parada;false;2;5;Enzo Pérez;2;9;269;277
765;9;Miguel Borja;412;65;Jugada;false;2;11;Ignacio Fernández;1;27;496;510
766;10;José Paradela;413;8;Jugada;false;1;6;Lucas Beltrán;1;5;12;22
767;11;José Paradela;414;25;Jugada;false;2;7;Milton Casco;2;16;88;103
768;12;Lucas Beltrán;414;88;Jugada;false;1;7;Enzo Díaz;1;1;443;454
769;13;Miguel Borja;415;45;Jugada;false;3;12;Elías Gómez;1;10;106;119
770;14;Lucas Beltrán;415;58;Jugada;false;2;8;Ignacio Fernández;2;28;201;212
771;15;Leandro González Pírez;415;69;Pelota parada;false;2;4;Esequiel Barco;1;5;356;363
772;16;Lucas Beltrán;416;29;Jugada;false;3;9;Ignacio Fernández;3;29;134;144
773;17;Lucas Beltrán;416;61;Penal;false;4;10;N/A;N/A;N/A;367;372
774;18;Esequiel Barco;416;79;Penal;false;2;7;N/A;N/A;N/A;543;549
775;19;Lucas Beltrán;417;7;Penal;false;5;11;N/A;N/A;N/A;54;60
776;20;Agustín Palavecino;417;74;Jugada;false;1;13;Rodrigo Aliendro;1;2;430;442
777;21;Ignacio Fernández;418;10;Jugada;false;3;34;José Paradela;1;3;65;73
778;22;Lucas Beltrán;419;66;Penal;false;6;12;N/A;N/A;N/A;561;566
779;23;Salomón Rondón;420;11;Penal;false;1;1;N/A;N/A;N/A;107;101
780;24;Salomón Rondón;420;17;Jugada;false;2;2;Esequiel Barco;2;6;155;166
781;25;Esequiel Barco;420;60;Penal;false;3;8;N/A;N/A;N/A;535;540
782;26;Lucas Beltrán;421;26;Penal;false;7;13;N/A;N/A;N/A;199;203
783;27;Rodrigo Aliendro;421;65;Jugada;false;1;1;Milton Casco;3;17;377;389
784;28;Matías Suárez;421;90;Jugada;false;1;39;Miguel Borja;1;3;542;554
785;29;Pablo Solari;422;90+5;Jugada;false;2;10;Esequiel Barco;3;7;545;558
786;30;Nicolás De la Cruz;423;18;Jugada;false;1;30;Enzo Díaz;2;2;143;151
787;31;Lucas Beltrán;423;36;Jugada;false;8;14;Esequiel Barco;4;8;278;289
788;32;Esequiel Barco;423;52;Jugada;false;4;9;N/A;N/A;N/A;445;458
789;33;Pablo Solari;423;61;Jugada;false;3;11;Enzo Pérez;3;10;510;521
790;34;Esequiel Barco;424;17;Jugada;false;5;10;N/A;N/A;N/A;60;71
791;35;Miguel Borja;424;80;Jugada;false;4;13;N/A;N/A;N/A;554;565
792;36;Joaquín Pereyra;425;87;Pelota parada;true;1;1;N/A;N/A;N/A;512;518
793;37;Lucas Beltrán;426;39;Jugada;false;9;15;Nicolás De la Cruz;1;35;153;163
794;38;Miguel Borja;427;90+3;Penal;false;5;14;N/A;N/A;N/A;480;485
795;39;Matías Suárez;428;79;Jugada;false;2;40;Milton Casco;4;18;523;534
796;40;Miguel Borja;429;2;Jugada;false;6;15;Pablo Solari;3;3;3;16
797;41;Ignacio Fernández;429;55;Jugada;false;4;35;N/A;N/A;N/A;318;330
798;42;Rodrigo Aliendro;430;84;Jugada;false;2;2;José Paradela;2;4;500;511
799;43;Robert Rojas;431;26;Pelota parada;false;1;10;N/A;N/A;N/A;197;205
800;44;Lucas Beltrán;431;82;Jugada;false;10;16;Marcelo Herrera;1;4;519;527
801;45;Nicolás De la Cruz;432;58;Jugada;false;2;31;Pablo Solari;4;4;364;374
802;46;Lucas Beltrán;433;49;Jugada;false;11;17;Pablo Solari;5;5;332;341
803;47;Esequiel Barco;433;90+7;Penal;false;6;11;N/A;N/A;N/A;583;587
804;48;Lucas Beltrán;434;6;Jugada;false;12;18;Pablo Solari;6;6;15;26
805;49;Pablo Solari;434;21;Jugada;false;4;12;Lucas Beltrán;2;6;84;97
806;50;Lucas Beltrán;434;48;Jugada;false;13;19;Ignacio Fernández;4;30;378;388
807;51;Salomón Rondón;434;90+4;Jugada;false;3;3;Matías Suárez;1;30;543;556
808;52;Nicolás De la Cruz;435;34;Jugada;false;3;32;Lucas Beltrán;3;7;285;298
809;53;Ignacio Fernández;435;50;Jugada;false;5;36;Esequiel Barco;5;9;409;419
810;54;Lucas Beltrán;435;84;Jugada;false;14;20;Claudio Echeverry;1;1;555;565
811;55;Rodrigo Aliendro;436;13;Jugada;false;3;3;Nicolás De la Cruz;2;36;44;57
812;56;Miguel Borja;436;90;Jugada;false;7;16;Pablo Solari;7;7;539;544
813;57;Miguel Borja;437;63;Jugada;false;8;17;N/A;N/A;N/A;404;417
814;58;Nicolás De la Cruz;438;37;Tiro Libre;false;4;33;N/A;N/A;N/A;228;234
815;59;Lucas Beltrán;438;61;Jugada;false;15;21;Ignacio Fernández;5;31;388;397
816;60;Lucas Beltrán;440;2;Jugada;false;16;22;Leandro González Pírez;1;1;55;66
817;61;Nicolás De la Cruz;440;18;Jugada;false;5;34;N/A;N/A;N/A;150;162
818;62;Esequiel Barco;440;31;Penal;false;7;12;N/A;N/A;N/A;186;192
819;63;Salomón Rondón;442;50;Jugada;false;4;4;Pablo Solari;8;8;201;212
820;64;Pablo Solari;442;78;Jugada;false;5;13;N/A;N/A;N/A;430;442
821;65;Pablo Solari;442;90+7;Jugada;false;6;14;Enzo Díaz;3;3;548;556
822;66;Lucas Beltrán;443;23;Jugada;false;17;23;Pablo Solari;9;9;104;115
823;67;Paulo Díaz;443;71;Pelota Parada;false;1;6;Ignacio Fernández;6;32;476;482
824;68;Pablo Solari;444;65;Jugada;false;7;15;Nicolás De la Cruz;3;37;423;434
825;69;Pablo Solari;444;79;Jugada;false;8;16;Lucas Beltrán;4;8;554;565
826;70;Robert Rojas;445;90;Pelota Parada;false;2;11;Facundo Colidio;1;1;409;416
827;71;Agustín Palavecino;446;27;Jugada;false;2;14;Miguel Borja;2;4;136;147
828;72;Esequiel Barco;446;41;Penal;false;8;13;N/A;N/A;N/A;285;292
829;73;Bruno Sepúlveda;447;37;Pelota Parada;true;1;1;N/A;N/A;N/A;153;159
830;74;Nicolás De la Cruz;447;48;Jugada;false;6;35;Esequiel Barco;6;10;218;229
831;75;Pablo Solari;447;80;Jugada;false;9;17;Facundo Colidio;2;2;441;453
832;76;Salomón Rondón;447;85;Jugada;false;5;5;Ignacio Fernández;7;33;505;513
833;77;Pablo Solari;447;90+1;Jugada;false;10;18;N/A;N/A;N/A;563;572